1,62.2815,4.9849,0.2934,0.0012,0.9804,1
2,74.5616,4.9475,0.357,0.0028,0.9687,1
3,74.1187,5.1766,0.325,0.002,0.9721,1
4,62.4396,5.0511,0.2986,0.0013,0.9802,1
5,80.0874,6.0527,0.2356,0.0013,0.9713,1
6,66.2215,4.5798,0.4012,0.0055,0.9638,1
7,57.5966,4.6452,0.3137,0.0013,0.9842,1
8,51.7836,4.579,0.2985,0.0011,0.9851,1
9,69.0354,5.113,0.3031,0.0011,0.9832,1
10,63.661,4.5645,0.4033,0.0069,0.9634,1
11,69.4909,5.4755,0.2642,0.0012,0.974,1
12,66.2419,5.2657,0.2505,0.0012,0.9807,1
13,50.9503,3.8498,0.4164,0.0045,0.9781,1
14,66.0426,5.1446,0.2763,0.0009,0.9847,1
15,61.6617,5.0677,0.2729,0.0011,0.977,1
16,74.8793,5.739,0.2624,0.0011,0.9719,1
17,63.0104,4.9921,0.2992,0.0009,0.9791,1
18,63.441,4.5275,0.3822,0.0039,0.9725,1
19,66.8652,4.6093,0.3797,0.0039,0.9765,1
20,68.7963,4.5664,0.4122,0.0067,0.973,1
21,80.4534,5.4845,0.3028,0.0023,0.9772,1
22,55.1907,4.6048,0.3068,0.001,0.9867,1
23,55.8457,4.68,0.3331,0.0024,0.9661,1
24,87.6167,5.402,0.3342,0.0028,0.9637,1
25,74.6252,5.6931,0.2598,0.0013,0.9715,1
26,77.6825,5.2682,0.3419,0.0025,0.968,1
27,69.2513,5.2726,0.2764,0.0015,0.9764,1
28,53.729,4.6355,0.329,0.0032,0.9674,1
29,61.3545,4.2602,0.4163,0.0074,0.966,1
30,55.406,4.3074,0.3794,0.0023,0.9791,1
31,47.3113,3.5327,0.4601,0.0119,0.9723,1
32,50.0066,4.1115,0.4102,0.0039,0.9694,1
33,79.8451,5.8192,0.2603,0.0012,0.9741,1
34,74.5072,5.8128,0.2421,0.0012,0.9711,1
35,53.6919,4.4208,0.3342,0.0012,0.9866,1
36,70.6094,4.5624,0.4081,0.0046,0.9711,1
37,58.276,4.9473,0.2731,0.0011,0.9831,1
38,100.4801,6.2451,0.2858,0.0024,0.9546,1
39,50.8716,4.573,0.3029,0.001,0.9829,1
40,61.4891,4.7101,0.338,0.0023,0.9769,1
41,68.6901,5.2445,0.314,0.0028,0.9507,1
42,78.717,5.6666,0.2857,0.0012,0.9748,1
43,60.0017,5.0277,0.2698,0.0011,0.9784,1
44,58.0498,4.2536,0.3882,0.0063,0.972,1
45,65.5899,4.8658,0.3743,0.0046,0.9608,1
46,65.6,5.299,0.2708,0.0013,0.9748,1
47,77.5962,5.1972,0.3428,0.0024,0.9691,1
48,65.3662,4.2499,0.4431,0.0065,0.9744,1
49,66.5671,5.1791,0.2801,0.001,0.9791,1
50,86.6736,5.7863,0.2815,0.0019,0.9722,1
51,58.89,4.8932,0.2849,0.0011,0.9806,1
52,46.7228,3.9364,0.3962,0.0042,0.9807,1
53,63.5689,4.6105,0.3744,0.0041,0.9694,1
54,59.2624,4.8131,0.3065,0.0011,0.9829,1
55,116.0114,6.9872,0.243,0.0015,0.9602,1
56,61.0689,4.7842,0.3197,0.0015,0.9756,1
57,50.943,4.3271,0.3336,0.0012,0.987,1
58,60.05,4.397,0.3763,0.0031,0.9757,1
59,76.5575,5.43,0.2995,0.0026,0.9641,1
60,68.9949,4.9149,0.3572,0.0034,0.9712,1
61,50.949,4.3653,0.3643,0.0035,0.9681,1
62,71.8193,5.6531,0.2485,0.0013,0.9744,1
63,76.1364,5.6836,0.2702,0.0012,0.9745,1
64,52.7322,4.425,0.3258,0.0012,0.9865,1
65,53.4411,4.1032,0.3936,0.0035,0.9771,1
66,46.2301,3.8814,0.4084,0.0045,0.9809,1
67,49.902,4.218,0.4098,0.0045,0.9714,1
68,49.1364,4.3953,0.3101,0.001,0.9831,1
69,94.5686,6.3553,0.241,0.0011,0.9665,1
70,86.3963,6.2645,0.2452,0.0011,0.9663,1
71,75.987,5.4475,0.3044,0.0016,0.9743,1
72,56.7316,4.2492,0.3743,0.0039,0.9761,1
73,62.4396,5.0511,0.2986,0.0013,0.9802,1
74,55.7477,4.6369,0.3669,0.0036,0.9683,1
75,87.5008,6.3333,0.2258,0.001,0.9695,1
76,64.1525,4.38,0.405,0.0054,0.9683,1
77,61.7057,4.7704,0.3616,0.003,0.9635,1
78,76.4638,5.7232,0.2662,0.0012,0.9755,1
79,70.8908,5.2962,0.2941,0.0013,0.9766,1
80,68.5889,5.403,0.2605,0.0013,0.9733,1
81,88.8464,5.6975,0.3245,0.0036,0.9567,1
82,66.9613,4.6824,0.3686,0.0029,0.9728,1
83,52.2062,3.8879,0.4103,0.0046,0.977,1
84,48.1946,3.8511,0.3987,0.0035,0.9804,1
85,81.3343,5.601,0.2946,0.0028,0.9559,1
86,84.9023,6.0536,0.2518,0.0012,0.9676,1
87,65.1732,4.0553,0.4806,0.0092,0.9765,1
88,57.6081,4.7587,0.2927,0.0011,0.9838,1
89,57.8792,4.6074,0.3552,0.0039,0.9657,1
90,57.5238,4.2093,0.4165,0.0052,0.9692,1
91,53.288,4.5562,0.3138,0.0011,0.9835,1
92,77.5379,5.4177,0.3218,0.0031,0.9634,1
93,69.6659,4.6561,0.3793,0.004,0.9768,1
94,51.1236,4.4901,0.3162,0.0013,0.9823,1
95,84.6567,6.1683,0.2548,0.0015,0.9646,1
96,52.2108,4.3804,0.322,0.0015,0.9823,1
97,64.3107,5.1591,0.2622,0.0012,0.9821,1
98,79.7511,5.7041,0.2638,0.0011,0.9729,1
99,56.0227,4.7865,0.2872,0.0011,0.9837,1
100,67.7236,5.3882,0.2664,0.0013,0.9743,1
101,78.4851,5.2846,0.3427,0.0027,0.9657,1
102,75.291,5.6018,0.2665,0.0012,0.9711,1
103,48.6565,3.8444,0.4074,0.0074,0.9756,1
104,74.2202,5.7168,0.2576,0.0013,0.9679,1
105,89.6201,5.8927,0.2906,0.0021,0.9722,1
106,42.5166,3.4961,0.4283,0.0043,0.981,1
107,67.1476,4.8258,0.3689,0.0055,0.9643,1
108,59.1071,4.4273,0.3665,0.003,0.9746,1
109,56.0679,4.5536,0.3268,0.0013,0.9853,1
110,68.1475,5.5741,0.2465,0.0011,0.9738,1
111,56.0018,4.6795,0.2995,0.001,0.9859,1
112,54.9128,4.643,0.311,0.0012,0.9821,1
113,59.7723,4.8938,0.3019,0.0012,0.9796,1
114,80.8178,6.1368,0.215,0.0011,0.9687,1
115,74.9809,5.6325,0.2421,0.0011,0.9794,1
116,75.291,5.6018,0.2665,0.0012,0.9711,1
117,77.5467,5.3117,0.3312,0.0036,0.9649,1
118,87.5629,5.4202,0.3126,0.002,0.9739,1
119,58.053,4.3793,0.3755,0.0046,0.9732,1
120,69.399,4.9034,0.3803,0.0057,0.9544,1
121,42.7033,3.7078,0.4146,0.0041,0.9814,1
122,57.3005,4.5004,0.3844,0.0041,0.9668,1
123,67.896,5.4333,0.2579,0.001,0.973,1
124,46.2995,4.1989,0.3323,0.0013,0.9854,1
125,48.439,4.2989,0.3299,0.0015,0.9829,1
126,65.5005,5.0476,0.2904,0.0012,0.9729,1
127,49.0566,4.2768,0.3235,0.0012,0.9875,1
128,75.2106,4.9853,0.355,0.0038,0.9653,1
129,62.8672,4.4823,0.3766,0.0058,0.9703,1
130,60.1628,4.3555,0.382,0.0051,0.9731,1
131,60.7081,4.5333,0.3717,0.0024,0.9775,1
132,59.8527,4.3481,0.3954,0.003,0.9768,1
133,52.1977,4.5836,0.2951,0.001,0.986,1
134,70.6655,5.5313,0.2549,0.0012,0.9721,1
135,75.0358,5.7998,0.2382,0.001,0.9743,1
136,68.0861,4.8576,0.3451,0.0049,0.9604,1
137,61.5676,4.33,0.3932,0.004,0.9761,1
138,84.5404,6.0424,0.2491,0.0013,0.9689,1
139,51.8337,4.0219,0.3965,0.0041,0.9775,1
140,73.5027,5.6022,0.2567,0.001,0.9734,1
141,62.9503,5.1303,0.2965,0.0014,0.9777,1
142,62.71,4.1897,0.4183,0.0051,0.9766,1
143,54.5904,4.0407,0.3952,0.0048,0.9726,1
144,53.2789,4.6619,0.2888,0.0011,0.9842,1
145,69.7358,5.4746,0.2628,0.0011,0.9671,1
146,79.7914,5.4602,0.3219,0.003,0.9631,1
147,74.6252,5.6931,0.2598,0.0013,0.9715,1
148,79.5452,5.3076,0.324,0.0029,0.9639,1
149,65.967,5.3006,0.2841,0.0012,0.9774,1
150,42.4699,3.441,0.4398,0.0048,0.9815,1
151,83.394,5.9167,0.262,0.0012,0.9736,1
152,44.9714,4.1192,0.3634,0.0036,0.9707,1
153,51.7516,4.3568,0.3677,0.0032,0.978,1
154,87.101,5.7035,0.32,0.0047,0.9766,1
155,53.4348,4.7396,0.2775,0.0011,0.9846,1
156,68.1042,5.2857,0.2773,0.0012,0.9748,1
157,55.187,4.2429,0.3822,0.0033,0.977,1
158,93.4078,6.2722,0.2431,0.0012,0.9667,1
159,53.3073,4.4504,0.3235,0.0011,0.9864,1
160,57.7839,3.9144,0.4474,0.0087,0.9751,1
161,74.4809,4.6269,0.4239,0.0068,0.97,1
162,73.8651,5.6191,0.2601,0.0012,0.9713,1
163,78.5044,5.9051,0.2576,0.0013,0.9687,1
164,46.2892,3.8472,0.4035,0.0045,0.9801,1
165,68.9958,4.9635,0.3508,0.0038,0.9673,1
166,58.0264,4.6946,0.3075,0.0011,0.9827,1
167,78.201,5.2538,0.3389,0.0026,0.9681,1
168,86.8494,5.4257,0.3433,0.0037,0.9653,1
169,58.7662,4.4076,0.3551,0.0054,0.9739,1
170,51.4212,4.4318,0.3581,0.0034,0.9674,1
171,84.9622,5.6927,0.278,0.002,0.9652,1
172,89.303,5.6929,0.3221,0.0022,0.9647,1
173,56.0018,4.6795,0.2995,0.001,0.9859,1
174,60.7175,5.0292,0.2811,0.0013,0.9757,1
175,74.0915,5.5571,0.2627,0.0009,0.9754,1
176,79.0565,5.7717,0.2415,0.0011,0.9786,1
177,65.4662,5.169,0.2767,0.0011,0.9771,1
178,50.8292,4.2636,0.3875,0.0045,0.9701,1
179,62.0236,4.9665,0.2934,0.0011,0.9791,1
180,51.748,4.3128,0.3382,0.0015,0.9866,1
181,86.6248,6.0776,0.2531,0.0011,0.9719,1
182,59.9007,4.4733,0.3507,0.0038,0.9766,1
183,74.3097,5.6019,0.2633,0.0012,0.9704,1
184,52.7973,4.3577,0.3683,0.0044,0.9669,1
185,86.0439,6.1846,0.23,0.0013,0.9696,1
186,59.4269,4.9542,0.2784,0.0014,0.9819,1
187,65.9433,4.9209,0.3343,0.0019,0.9759,1
188,74.5569,5.0314,0.3389,0.003,0.9674,1
189,50.0283,4.2715,0.3832,0.0054,0.9658,1
190,80.7839,5.1784,0.3739,0.0042,0.9667,1
191,70.2526,5.5419,0.2576,0.0012,0.9728,1
192,93.7439,6.1601,0.2644,0.0019,0.961,1
193,52.8701,4.4116,0.3306,0.0012,0.9865,1
194,69.5044,5.5488,0.2592,0.0014,0.9752,1
195,69.2924,5.3534,0.2598,0.0013,0.9606,1
196,63.76,5.0024,0.3295,0.0024,0.9606,1
197,89.1261,5.3134,0.3459,0.003,0.9604,1
198,69.8753,5.3658,0.2657,0.001,0.9781,1
199,61.5201,4.1545,0.4335,0.0062,0.9736,1
200,58.9388,4.6571,0.3892,0.005,0.9665,1
201,68.5889,5.403,0.2605,0.0013,0.9733,1
202,56.0227,4.7865,0.2872,0.0011,0.9837,1
203,59.5399,4.9926,0.2767,0.0011,0.9828,1
204,77.176,5.2585,0.3325,0.0024,0.974,1
205,60.1282,4.8966,0.2905,0.0012,0.9807,1
206,51.0807,4.3514,0.3815,0.0051,0.9707,1
207,77.1564,6.0264,0.2266,0.0011,0.9707,1
208,73.5221,4.9445,0.3624,0.0032,0.9692,1
209,68.3284,5.4755,0.2665,0.0013,0.9782,1
210,50.3552,3.766,0.4254,0.0086,0.9752,1
211,50.1263,4.303,0.3291,0.0012,0.9873,1
212,76.0969,5.0216,0.3586,0.0038,0.9644,1
213,64.4395,4.9956,0.2985,0.0011,0.984,1
214,53.0404,4.0523,0.4023,0.0049,0.9755,1
215,52.7782,4.6022,0.2991,0.0009,0.9824,1
216,45.5375,3.8177,0.4175,0.005,0.9821,1
217,63.6496,4.9668,0.3014,0.0013,0.9782,1
218,60.9588,5.0026,0.2769,0.0011,0.9783,1
219,55.5824,4.2135,0.4004,0.0031,0.9781,1
220,57.2329,4.3895,0.3776,0.0025,0.9778,1
221,101.0985,6.2955,0.2594,0.0018,0.9625,1
222,66.8996,4.8654,0.3433,0.0032,0.9692,1
223,67.4184,5.4054,0.2809,0.0012,0.9736,1
224,74.3097,5.6019,0.2633,0.0012,0.9704,1
225,65.7163,5.1959,0.2654,0.0014,0.9805,1
226,69.7333,5.4728,0.2503,0.0011,0.9733,1
227,78.717,5.6666,0.2857,0.0012,0.9748,1
228,51.7435,4.3276,0.3407,0.0016,0.9864,1
229,88.3367,6.3178,0.2494,0.0017,0.9681,1
230,62.2347,4.5285,0.3669,0.0042,0.9711,1
231,81.2369,5.3284,0.333,0.0033,0.9634,1
232,73.8651,5.6191,0.2601,0.0012,0.9713,1
233,75.2126,5.0965,0.3527,0.003,0.9671,1
234,53.986,4.1135,0.39,0.0073,0.9735,1
235,80.3693,5.8892,0.2396,0.0013,0.9494,1
236,56.946,4.7605,0.3007,0.0011,0.9811,1
237,68.5296,4.8949,0.3447,0.0022,0.9746,1
238,51.1476,4.3834,0.358,0.0031,0.9719,1
239,61.4498,4.1019,0.4373,0.0068,0.9744,1
240,101.5546,6.2891,0.288,0.0021,0.9558,1
241,49.0479,4.0951,0.417,0.0062,0.9705,1
242,63.7358,5.1226,0.2746,0.0013,0.9812,1
243,58.2846,4.8436,0.2866,0.0012,0.9781,1
244,77.9375,5.2568,0.3517,0.0025,0.9701,1
245,76.8949,5.2327,0.3357,0.0029,0.9644,1
246,46.119,4.1114,0.3889,0.0061,0.9686,1
247,80.7489,5.3309,0.3297,0.0024,0.9664,1
248,77.2742,5.7147,0.2408,0.0011,0.9792,1
249,72.0819,5.0097,0.3573,0.0036,0.9654,1
250,51.2522,4.358,0.3916,0.0056,0.9705,1
251,88.4691,5.7396,0.3085,0.0025,0.9627,1
252,73.7079,4.7911,0.4084,0.007,0.9709,1
253,55.5497,4.6324,0.3066,0.001,0.9863,1
254,64.3568,4.5031,0.3867,0.0063,0.9681,1
255,62.0097,4.5481,0.3651,0.0037,0.9722,1
256,75.3514,5.5143,0.2873,0.0012,0.9757,1
257,84.0919,6.0347,0.2388,0.0011,0.956,1
258,85.7919,5.8869,0.2745,0.0013,0.9721,1
259,54.8451,4.4416,0.3746,0.0034,0.9764,1
260,66.4429,5.2404,0.2659,0.0013,0.9815,1
261,44.4445,4.0662,0.338,0.0013,0.9858,1
262,71.9711,5.3053,0.2949,0.0011,0.9756,1
263,55.076,4.4506,0.3881,0.004,0.9675,1
264,70.2526,5.5419,0.2576,0.0012,0.9728,1
265,71.2228,5.3503,0.2724,0.0016,0.9769,1
266,55.6926,4.0407,0.4125,0.0065,0.9797,1
267,46.2995,4.1989,0.3323,0.0013,0.9854,1
268,75.9744,4.8109,0.4039,0.0055,0.9726,1
269,56.0418,4.856,0.2763,0.0012,0.9832,1
270,67.6254,4.8302,0.3796,0.0046,0.954,1
271,76.2019,5.5904,0.2772,0.0023,0.9689,1
272,49.0418,3.8124,0.4157,0.0041,0.9795,1
273,56.2807,4.6419,0.3205,0.0016,0.9788,1
274,75.291,5.6018,0.2665,0.0012,0.9711,1
275,62.0944,4.7738,0.3646,0.0032,0.9663,1
276,80.2864,5.8977,0.2387,0.0008,0.9803,1
277,44.2748,3.8609,0.393,0.0035,0.9804,1
278,63.1947,4.6657,0.3704,0.0059,0.9641,1
279,52.9385,4.4141,0.3345,0.0012,0.9865,1
280,76.3769,4.7696,0.4155,0.0072,0.9658,1
281,71.8082,5.5231,0.2714,0.0012,0.9763,1
282,63.6329,4.4734,0.3949,0.0061,0.967,1
283,69.5348,5.5616,0.2415,0.0017,0.9716,1
284,65.6,5.299,0.2708,0.0013,0.9748,1
285,80.9898,5.2886,0.3442,0.0035,0.9677,1
286,70.8911,4.4572,0.4456,0.0093,0.9658,1
287,74.8019,5.016,0.3473,0.0037,0.9655,1
288,65.1415,4.6507,0.3885,0.007,0.9662,1
289,60.0017,5.0277,0.2698,0.0011,0.9784,1
290,51.7836,4.579,0.2985,0.0011,0.9851,1
291,61.7813,4.254,0.3916,0.0038,0.9768,1
292,79.4913,5.8563,0.2506,0.0011,0.9747,1
293,55.4233,4.549,0.3549,0.0035,0.9645,1
294,76.8599,5.3055,0.3118,0.0016,0.9786,1
295,69.2841,5.6694,0.241,0.001,0.9759,1
296,61.0588,5.054,0.2659,0.001,0.9823,1
297,70.0702,4.7086,0.3748,0.0046,0.9747,1
298,70.9209,4.9385,0.3329,0.0033,0.9668,1
299,48.579,4.467,0.3065,0.001,0.9838,1
300,58.8634,4.3147,0.3916,0.003,0.9763,1
301,75.4127,5.2407,0.3241,0.0027,0.9647,1
302,44.9306,4.0788,0.3827,0.0043,0.9699,1
303,69.8391,4.9855,0.3667,0.0049,0.9595,1
304,65.9845,4.7519,0.3523,0.0051,0.9714,1
305,70.1991,4.9537,0.3426,0.0021,0.9741,1
306,75.3514,5.5143,0.2873,0.0012,0.9757,1
307,76.5036,5.7207,0.2546,0.0009,0.9774,1
308,77.6372,5.186,0.3407,0.0041,0.9654,1
309,55.8526,4.5403,0.3186,0.0011,0.9863,1
310,72.454,5.0618,0.333,0.0025,0.9769,1
311,74.8292,5.6325,0.2559,0.0011,0.9749,1
312,50.875,4.4779,0.313,0.0012,0.9833,1
313,103.6485,6.4181,0.2736,0.0018,0.9559,1
314,53.288,4.5562,0.3138,0.0011,0.9835,1
315,62.5053,4.4901,0.3818,0.0043,0.9728,1
316,43.0816,4.0859,0.3281,0.0011,0.9846,1
317,48.2466,4.0283,0.3943,0.0037,0.9778,1
318,56.0418,4.856,0.2763,0.0012,0.9832,1
319,95.199,5.8812,0.3109,0.0024,0.9593,1
320,83.3001,4.9975,0.3961,0.0044,0.9659,1
321,74.2914,5.6537,0.2667,0.0012,0.9754,1
322,68.1948,4.6993,0.3744,0.0043,0.9684,1
323,72.0991,5.6186,0.2613,0.0013,0.9755,1
324,56.3918,4.151,0.4119,0.0062,0.9698,1
325,50.6393,4.39,0.338,0.0016,0.9808,1
326,55.6585,4.8296,0.2758,0.0011,0.9834,1
327,60.0708,4.6771,0.3588,0.004,0.963,1
328,69.7358,5.4746,0.2628,0.0011,0.9671,1
329,51.8642,4.562,0.2952,0.0011,0.9856,1
330,56.2771,4.4058,0.3676,0.0022,0.9787,1
331,86.6248,6.0776,0.2531,0.0011,0.9719,1
332,66.4241,5.2928,0.2585,0.0011,0.9759,1
333,64.1839,4.6201,0.3659,0.003,0.9741,1
334,74.8235,5.0256,0.3485,0.0033,0.9668,1
335,77.1049,5.8339,0.2468,0.0012,0.9719,1
336,73.801,5.0747,0.3227,0.0023,0.9737,1
337,94.1303,6.0424,0.289,0.0022,0.962,1
338,65.0818,4.6485,0.3625,0.0066,0.9718,1
339,69.6748,4.4087,0.4479,0.007,0.9742,1
340,66.5671,5.1791,0.2801,0.001,0.9791,1
341,61.6617,5.0677,0.2729,0.0011,0.977,1
342,62.4748,4.6459,0.3601,0.0023,0.9765,1
343,60.266,4.1929,0.4208,0.0065,0.9668,1
344,51.1236,4.4901,0.3162,0.0013,0.9823,1
345,72.4796,5.0935,0.3745,0.0043,0.947,1
346,58.5375,4.3071,0.4133,0.0052,0.971,1
347,70.1971,5.1413,0.3156,0.0024,0.9721,1
348,65.967,5.3006,0.2841,0.0012,0.9774,1
349,77.299,5.1437,0.3617,0.0028,0.9669,1
350,54.4746,4.6359,0.2968,0.001,0.9839,1
351,63.9918,5.0721,0.2791,0.001,0.9801,1
352,58.4828,4.2948,0.3872,0.0043,0.9752,1
353,67.9575,5.4023,0.264,0.0012,0.9718,1
354,69.6936,5.6761,0.2402,0.001,0.9717,1
355,57.5745,4.7091,0.3016,0.001,0.9856,1
356,68.0825,5.0947,0.3026,0.0012,0.9821,1
357,68.2942,5.3688,0.2683,0.0017,0.9705,1
358,63.8391,4.2807,0.4256,0.0076,0.9748,1
359,66.5671,5.1791,0.2801,0.001,0.9791,1
360,57.2926,4.5194,0.3554,0.002,0.9784,1
361,57.8193,4.3072,0.4149,0.0062,0.9686,1
362,60.8073,4.7508,0.3369,0.0033,0.9649,1
363,54.8973,4.6076,0.3033,0.001,0.9861,1
364,48.5564,4.3012,0.3414,0.0017,0.9818,1
365,61.1656,4.8294,0.308,0.0012,0.9842,1
366,84.7104,6.1146,0.2589,0.0014,0.9641,1
367,80.0763,5.8776,0.2472,0.0012,0.9692,1
368,68.0096,5.3056,0.2621,0.0013,0.9785,1
369,58.9255,4.8675,0.3014,0.001,0.9797,1
370,94.2586,5.9524,0.309,0.0023,0.9593,1
371,75.8302,5.7841,0.2448,0.0011,0.9634,1
372,58.9702,4.5833,0.3976,0.0051,0.9677,1
373,62.5391,4.8393,0.3419,0.0031,0.9649,1
374,51.4343,3.6163,0.4673,0.0084,0.976,1
375,46.2995,4.1989,0.3323,0.0013,0.9854,1
376,61.2172,5.1008,0.2728,0.0011,0.9783,1
377,62.5086,4.6363,0.355,0.0022,0.9767,1
378,80.9463,5.8647,0.2491,0.0014,0.9676,1
379,79.7936,5.2091,0.3592,0.0027,0.9683,1
380,79.6893,5.9153,0.244,0.001,0.9721,1
381,63.0512,4.5642,0.3893,0.0064,0.963,1
382,73.0384,5.6367,0.2649,0.0013,0.9762,1
383,79.7459,5.9223,0.2432,0.0015,0.9656,1
384,59.4269,4.9542,0.2784,0.0014,0.9819,1
385,68.5889,5.403,0.2605,0.0013,0.9733,1
386,48.9875,4.1855,0.3976,0.0045,0.9702,1
387,62.558,4.8898,0.357,0.0032,0.9666,1
388,70.6655,5.5313,0.2549,0.0012,0.9721,1
389,70.6114,5.333,0.2891,0.0012,0.9749,1
390,81.9979,5.6394,0.2772,0.002,0.9677,1
391,73.8095,5.7087,0.2387,0.0015,0.9701,1
392,66.9981,4.2883,0.443,0.007,0.9737,1
393,76.934,5.1744,0.3511,0.0025,0.9675,1
394,78.1062,4.6946,0.4408,0.0093,0.9623,1
395,51.6469,4.4584,0.3094,0.0011,0.9852,1
396,45.8822,3.8955,0.3929,0.0042,0.9805,1
397,60.3345,4.9002,0.2972,0.0011,0.9795,1
398,62.2815,4.9849,0.2934,0.0012,0.9804,1
399,52.4655,4.4312,0.3189,0.0012,0.9867,1
400,72.2256,5.369,0.2883,0.0019,0.9725,1
401,72.151,5.4828,0.2624,0.0011,0.9756,1
402,66.211,5.3451,0.261,0.001,0.9789,1
403,54.8973,4.6076,0.3033,0.001,0.9861,1
404,59.1079,4.504,0.3659,0.0025,0.9769,1
405,89.5664,6.2285,0.2389,0.0011,0.9674,1
406,100.1243,6.0576,0.3004,0.0017,0.975,1
407,100.7805,6.3961,0.2495,0.0016,0.9675,1
408,89.5664,6.2285,0.2389,0.0011,0.9674,1
409,51.5298,4.4337,0.3788,0.0043,0.9704,1
410,71.589,4.9041,0.3547,0.0039,0.965,1
411,49.3216,4.3045,0.3679,0.0031,0.971,1
412,64.161,4.9759,0.3014,0.0011,0.9835,1
413,77.7046,5.7432,0.2625,0.001,0.9737,1
414,65.6,5.299,0.2708,0.0013,0.9748,1
415,60.6215,4.8265,0.3029,0.0012,0.98,1
416,53.5584,4.5007,0.3094,0.0012,0.9838,1
417,76.9158,5.7598,0.2463,0.0011,0.9753,1
418,54.9128,4.643,0.311,0.0012,0.9821,1
419,77.4314,5.3155,0.3297,0.004,0.9637,1
420,62.5136,4.5119,0.3834,0.0047,0.972,1
421,59.2596,4.4737,0.3887,0.006,0.962,1
422,62.9491,5.021,0.2975,0.0022,0.9644,1
423,54.0341,4.6006,0.3131,0.0012,0.9823,1
424,54.1089,4.357,0.4024,0.0035,0.969,1
425,68.6333,5.4075,0.243,0.001,0.9816,1
426,71.8522,5.5343,0.2718,0.0012,0.9725,1
427,62.4659,5.0021,0.2851,0.0011,0.9807,1
428,54.4765,4.5262,0.3165,0.0011,0.9864,1
429,57.8937,4.3427,0.3762,0.0032,0.9759,1
430,74.6338,5.4232,0.3093,0.0027,0.959,1
431,95.4484,6.0452,0.2869,0.0024,0.9637,1
432,72.6034,4.9888,0.3499,0.0028,0.9685,1
433,66.0648,4.6321,0.3912,0.0032,0.9738,1
434,53.4348,4.7396,0.2775,0.0011,0.9846,1
435,69.6936,5.6761,0.2402,0.001,0.9717,1
436,60.4691,5.0989,0.2669,0.0009,0.9796,1
437,72.9937,5.1831,0.3217,0.0035,0.9597,1
438,51.5118,4.3453,0.3774,0.0031,0.9675,1
439,68.0131,5.4478,0.2494,0.0012,0.9583,1
440,71.0914,5.7775,0.2379,0.0012,0.971,1
441,76.7976,4.7094,0.4152,0.0059,0.968,1
442,68.3118,5.1894,0.285,0.0014,0.9782,1
443,89.975,5.8763,0.2916,0.002,0.9707,1
444,67.7636,4.8903,0.385,0.0062,0.9472,1
445,58.5625,4.9402,0.2769,0.0011,0.9831,1
446,65.4662,5.169,0.2767,0.0011,0.9771,1
447,72.3904,5.2465,0.3049,0.0025,0.9694,1
448,77.982,5.3467,0.3099,0.0021,0.9723,1
449,58.2772,4.6815,0.3039,0.0011,0.9861,1
450,58.6066,4.0189,0.4297,0.0068,0.9767,1
451,57.6287,4.7993,0.2939,0.001,0.9813,1
452,60.7299,4.4699,0.3632,0.0047,0.9725,1
453,55.476,4.4967,0.3577,0.0029,0.9757,1
454,55.2758,4.4546,0.3442,0.0017,0.9809,1
455,50.4239,4.1258,0.3948,0.0043,0.9761,1
456,82.9491,5.8523,0.2612,0.001,0.9736,1
457,82.0448,5.2495,0.3695,0.0039,0.9642,1
458,63.7371,4.9238,0.3032,0.0014,0.9756,1
459,53.0826,4.4375,0.3229,0.0011,0.9864,1
460,60.0017,4.966,0.3303,0.0026,0.9689,1
461,48.0099,3.7171,0.4165,0.0045,0.9797,1
462,60.9556,4.92,0.2864,0.0012,0.9745,1
463,88.2804,6.2706,0.2442,0.0012,0.9657,1
464,69.0191,4.8196,0.3642,0.0047,0.9679,1
465,73.7734,5.7836,0.22,0.001,0.9804,1
466,77.4866,5.3497,0.3273,0.0032,0.9647,1
467,64.1091,4.5183,0.386,0.0028,0.9753,1
468,62.7183,4.5731,0.3728,0.0043,0.9708,1
469,58.1088,4.5519,0.3884,0.0077,0.9576,1
470,73.8651,5.6191,0.2601,0.0012,0.9713,1
471,55.5774,4.6796,0.3037,0.001,0.9817,1
472,73.3603,5.5899,0.2721,0.0012,0.9758,1
473,44.8257,3.6031,0.4297,0.0048,0.9805,1
474,61.386,5.0326,0.2738,0.0013,0.9808,1
475,70.6655,5.5313,0.2549,0.0012,0.9721,1
476,62.31,4.8554,0.3313,0.0018,0.9784,1
477,57.2146,4.6621,0.3135,0.0012,0.9853,1
478,56.0993,4.7968,0.2837,0.001,0.9846,1
479,75.8815,5.738,0.2603,0.0011,0.9758,1
480,51.7849,4.3563,0.3782,0.0033,0.9681,1
481,60.2444,4.9548,0.2778,0.001,0.9838,1
482,58.4487,4.3756,0.3995,0.0052,0.9686,1
483,70.6114,5.333,0.2891,0.0012,0.9749,1
484,68.5889,5.403,0.2605,0.0013,0.9733,1
485,77.6422,5.2373,0.3563,0.0038,0.9668,1
486,75.6976,5.0702,0.3428,0.0029,0.9651,1
487,100.7283,6.645,0.215,0.0011,0.9625,1
488,63.0587,4.7096,0.3606,0.0026,0.9764,1
489,57.2942,4.8754,0.2865,0.0011,0.9815,1
490,57.5745,4.7091,0.3016,0.001,0.9856,1
491,62.7573,4.6632,0.3651,0.0024,0.9768,1
492,53.288,4.5562,0.3138,0.0011,0.9835,1
493,47.6333,4.1475,0.3885,0.0037,0.9692,1
494,55.9118,4.4293,0.3635,0.0022,0.9775,1
495,50.4522,4.3351,0.3256,0.0012,0.9866,1
496,61.9128,4.4445,0.3717,0.0057,0.9741,1
497,67.2435,4.7494,0.3769,0.0057,0.9647,1
498,59.4536,5.0533,0.2618,0.001,0.9829,1
499,54.9208,4.1803,0.3955,0.0043,0.9763,1
500,78.0164,5.2715,0.335,0.003,0.966,1
501,94.4681,5.9213,0.3023,0.0023,0.96,1
502,65.6,5.299,0.2708,0.0013,0.9748,1
503,61.5333,4.4356,0.3969,0.0029,0.9771,1
504,75.8684,5.0856,0.3428,0.0032,0.9647,1
505,73.5027,5.6022,0.2567,0.001,0.9734,1
506,74.8286,5.473,0.3042,0.0028,0.967,1
507,63.685,4.6406,0.3877,0.0065,0.9673,1
508,58.6821,4.74,0.3121,0.0011,0.9844,1
509,70.6114,5.333,0.2891,0.0012,0.9749,1
510,91.5087,5.8643,0.3063,0.004,0.9549,1
511,51.4657,4.5364,0.2981,0.0012,0.9849,1
512,67.9322,5.2294,0.2762,0.0014,0.9801,1
513,71.131,5.4549,0.2684,0.0013,0.9728,1
514,52.3555,4.2462,0.403,0.0053,0.9697,1
515,94.5527,6.5483,0.2283,0.0011,0.9642,1
516,71.4677,5.9626,0.2233,0.0011,0.9695,1
517,78.0955,4.9812,0.384,0.0036,0.9719,1
518,69.0229,4.4989,0.4154,0.0061,0.9737,1
519,62.9458,5.1038,0.2838,0.0011,0.9806,1
520,54.3771,4.1733,0.3818,0.0071,0.9776,1
521,64.8801,4.9464,0.3506,0.0027,0.9627,1
522,66.825,5.2903,0.2657,0.0013,0.9739,1
523,58.2486,4.7502,0.2986,0.0011,0.9853,1
524,82.7587,5.4246,0.3353,0.0023,0.9674,1
525,77.5513,5.8235,0.2551,0.0012,0.9713,1
526,52.0671,3.9222,0.4262,0.0076,0.9725,1
527,54.906,4.5949,0.3436,0.0032,0.9646,1
528,63.5399,4.2193,0.4365,0.0054,0.976,1
529,50.9232,4.0633,0.3769,0.0058,0.9753,1
530,64.8013,4.5497,0.3626,0.0035,0.9759,1
531,80.4213,5.889,0.2597,0.0013,0.9726,1
532,70.8908,5.2962,0.2941,0.0013,0.9766,1
533,65.4877,5.3198,0.2643,0.0009,0.9781,1
534,58.183,4.3016,0.3879,0.0048,0.9745,1
535,63.5282,5.0082,0.2896,0.0015,0.9807,1
536,59.5171,4.1107,0.4249,0.0061,0.9771,1
537,65.5671,5.2184,0.2676,0.0012,0.981,1
538,75.0388,4.9863,0.3612,0.0028,0.9677,1
539,83.7914,6.0119,0.2533,0.0009,0.974,1
540,73.5962,5.0182,0.3534,0.0037,0.9637,1
541,61.0588,5.054,0.2659,0.001,0.9823,1
542,54.9128,4.643,0.311,0.0012,0.9821,1
543,68.4662,5.3934,0.2609,0.0018,0.9649,1
544,56.0655,4.222,0.3933,0.0046,0.9752,1
545,75.6321,4.9906,0.3784,0.0031,0.9686,1
546,58.6517,4.8299,0.2961,0.0012,0.9794,1
547,74.397,4.9775,0.357,0.0029,0.9677,1
548,70.8098,4.8385,0.381,0.003,0.9706,1
549,61.9376,4.8383,0.3131,0.0027,0.9603,1
550,69.6282,4.6925,0.4066,0.0072,0.9727,1
551,84.9023,6.0536,0.2518,0.0012,0.9676,1
552,69.8059,5.7392,0.2307,0.001,0.9722,1
553,56.5891,4.2385,0.3864,0.0041,0.9752,1
554,65.7707,5.3107,0.2471,0.0011,0.9816,1
555,71.3449,4.8262,0.3693,0.0064,0.9662,1
556,59.4017,4.8116,0.3009,0.0012,0.9848,1
557,51.7095,4.4439,0.3111,0.0011,0.9869,1
558,77.385,4.8664,0.4073,0.0064,0.9659,1
559,83.9838,5.55,0.3194,0.0026,0.9619,1
560,65.448,4.0672,0.5026,0.011,0.974,1
561,76.4985,5.0581,0.3378,0.0028,0.9653,1
562,59.4514,4.2165,0.4219,0.0064,0.9684,1
563,79.7892,5.9076,0.2343,0.0011,0.9721,1
564,56.8999,4.6665,0.3083,0.001,0.9865,1
565,76.7503,5.2409,0.3146,0.0022,0.9749,1
566,76.6204,5.8,0.2632,0.0013,0.9701,1
567,50.5317,4.2157,0.3919,0.0037,0.971,1
568,67.6161,5.3165,0.2531,0.0011,0.9814,1
569,74.6252,5.6931,0.2598,0.0013,0.9715,1
570,51.8012,4.3033,0.3928,0.0042,0.9705,1
571,67.7236,5.3882,0.2664,0.0013,0.9743,1
572,75.8471,5.4847,0.2731,0.0013,0.9784,1
573,40.0871,3.2716,0.4576,0.0057,0.9815,1
574,90.0767,6.4889,0.2218,0.001,0.9691,1
575,59.6839,4.1827,0.4404,0.0076,0.9691,1
576,84.2918,5.4486,0.3446,0.003,0.9628,1
577,76.1862,5.6754,0.2775,0.0013,0.9754,1
578,59.5399,4.9926,0.2767,0.0011,0.9828,1
579,80.0763,5.8776,0.2472,0.0012,0.9692,1
580,70.5893,5.0884,0.3514,0.0056,0.9606,1
581,52.112,4.312,0.3781,0.0037,0.9779,1
582,71.0727,5.6017,0.2559,0.0011,0.9728,1
583,60.702,4.7156,0.377,0.0045,0.9668,1
584,75.6949,5.2099,0.3271,0.0022,0.9744,1
585,73.5353,4.986,0.3626,0.004,0.9637,1
586,72.0683,5.569,0.2549,0.0012,0.9728,1
587,55.1907,4.6048,0.3068,0.001,0.9867,1
588,63.975,4.6953,0.3661,0.0024,0.976,1
589,50.4257,4.4183,0.3238,0.0013,0.9832,1
590,55.2146,4.0698,0.405,0.0048,0.9744,1
591,63.4077,4.6016,0.3834,0.006,0.9658,1
592,70.6655,5.5313,0.2549,0.0012,0.9721,1
593,72.7773,4.5899,0.4223,0.0049,0.9739,1
594,58.067,4.1155,0.4186,0.0071,0.9784,1
595,67.7448,5.3514,0.2613,0.001,0.9779,1
596,97.6981,6.7345,0.2185,0.0011,0.9622,1
597,63.6916,5.0283,0.2968,0.001,0.9807,1
598,60.7953,5.0071,0.3048,0.0015,0.9788,1
599,53.9649,4.4715,0.3223,0.0012,0.986,1
600,75.9389,5.9223,0.2321,0.001,0.9741,1
601,60.2444,4.9548,0.2778,0.001,0.9838,1
602,71.1644,4.8545,0.3675,0.0041,0.9687,1
603,59.7463,4.5431,0.3614,0.0021,0.9775,1
604,73.4886,5.5922,0.2551,0.0014,0.9731,1
605,58.8272,4.6453,0.3567,0.0041,0.9648,1
606,62.2815,4.9849,0.2934,0.0012,0.9804,1
607,61.7586,4.7919,0.3625,0.0031,0.9643,1
608,62.2897,4.8309,0.3069,0.001,0.9843,1
609,76.675,5.2814,0.3109,0.0024,0.9773,1
610,67.6296,5.1315,0.2961,0.0011,0.9824,1
611,85.8807,5.5698,0.3159,0.0029,0.963,1
612,69.8124,5.5809,0.2585,0.0012,0.9715,1
613,54.0492,4.1266,0.3944,0.0034,0.9776,1
614,66.9665,5.4245,0.2449,0.001,0.982,1
615,57.5805,4.7825,0.2962,0.0013,0.9785,1
616,62.7875,4.9646,0.281,0.0014,0.9814,1
617,53.2589,4.3023,0.4137,0.0059,0.9697,1
618,62.17,4.5652,0.3775,0.0035,0.9715,1
619,67.0498,5.3315,0.2666,0.0008,0.9797,1
620,70.4614,4.8542,0.3763,0.0059,0.964,1
621,78.2503,5.7459,0.272,0.0012,0.9749,1
622,85.6821,5.9891,0.2625,0.002,0.9634,1
623,55.7828,4.5596,0.3196,0.0013,0.9856,1
624,66.2671,5.3251,0.255,0.001,0.9752,1
625,74.451,5.5342,0.2721,0.0016,0.9738,1
626,65.4662,5.169,0.2767,0.0011,0.9771,1
627,56.0993,4.7968,0.2837,0.001,0.9846,1
628,82.2485,5.5034,0.3165,0.0026,0.9654,1
629,57.8684,4.1686,0.4048,0.0059,0.9799,1
630,52.7416,4.4225,0.3216,0.0012,0.9868,1
631,89.7434,5.8968,0.3057,0.007,0.9609,1
632,59.2208,4.8382,0.3252,0.0027,0.9649,1
633,48.7941,4.3364,0.3128,0.0012,0.9862,1
634,61.6078,4.5421,0.3652,0.0036,0.971,1
635,64.5765,4.331,0.4157,0.0056,0.9762,1
636,63.2651,4.287,0.4218,0.0055,0.9749,1
637,65.8711,4.7538,0.3377,0.0044,0.9747,1
638,81.5485,5.6088,0.2931,0.0019,0.9622,1
639,78.6188,5.802,0.2566,0.0011,0.9708,1
640,83.7914,6.0119,0.2533,0.0009,0.974,1
641,55.5497,4.6324,0.3066,0.001,0.9863,1
642,81.4963,5.3192,0.3462,0.0025,0.9665,1
643,123.8796,7.5484,0.1834,0.0017,0.9575,1
644,73.0902,5.6402,0.2583,0.001,0.975,1
645,67.152,5.1621,0.3278,0.0027,0.9619,1
646,68.6987,5.0603,0.3495,0.004,0.9602,1
647,73.4182,5.3147,0.3081,0.0019,0.9722,1
648,60.0017,5.0277,0.2698,0.0011,0.9784,1
649,68.7057,4.6397,0.3843,0.0034,0.9775,1
650,65.2047,5.3216,0.2704,0.0013,0.9778,1
651,88.1312,6.3316,0.2104,0.001,0.9717,1
652,81.3423,6.0154,0.2509,0.0015,0.9643,1
653,84.3758,5.5322,0.3198,0.0022,0.972,1
654,60.0017,5.0277,0.2698,0.0011,0.9784,1
655,67.7691,5.2572,0.2703,0.0012,0.9794,1
656,73.0902,5.6402,0.2583,0.001,0.975,1
657,86.953,6.0312,0.2554,0.0011,0.9731,1
658,72.0387,5.6333,0.2517,0.0012,0.9771,1
659,69.9012,4.8604,0.3566,0.003,0.9706,1
660,61.5007,4.2939,0.4134,0.0077,0.9771,1
661,73.5027,5.6022,0.2567,0.001,0.9734,1
662,67.53,4.7558,0.3741,0.0031,0.9693,1
663,72.8417,5.0763,0.3445,0.0044,0.9642,1
664,82.4489,5.6382,0.3006,0.0028,0.9636,1
665,58.5625,4.9402,0.2769,0.0011,0.9831,1
666,69.3908,5.2665,0.2852,0.0012,0.9783,1
667,54.3564,4.6314,0.3049,0.0011,0.9817,1
668,69.7358,5.4746,0.2628,0.0011,0.9671,1
669,66.0935,5.3071,0.2769,0.0013,0.9788,1
670,52.8512,4.5517,0.319,0.0014,0.9806,1
671,83.7914,6.0119,0.2533,0.0009,0.974,1
672,52.2024,4.0342,0.398,0.0036,0.978,1
673,49.0412,4.1963,0.4067,0.0051,0.9717,1
674,53.7459,4.2202,0.3963,0.0036,0.9776,1
675,64.2972,4.6985,0.3637,0.0067,0.9592,1
676,67.1277,5.2779,0.2735,0.0012,0.9743,1
677,67.7448,5.3514,0.2613,0.001,0.9779,1
678,86.6248,6.0776,0.2531,0.0011,0.9719,1
679,80.5171,5.26,0.3482,0.0027,0.9681,1
680,53.0115,4.3791,0.3626,0.0044,0.965,1
681,81.0867,6.0838,0.2329,0.001,0.9736,1
682,61.7051,4.2854,0.384,0.0035,0.9763,1
683,56.748,4.5389,0.3365,0.0016,0.9798,1
684,56.2785,4.6424,0.3616,0.0043,0.9634,1
685,71.8409,5.2256,0.2889,0.0016,0.9733,1
686,48.0788,3.6867,0.423,0.0051,0.9786,1
687,58.8389,4.7471,0.3059,0.0012,0.9794,1
688,48.2051,3.8322,0.4114,0.0053,0.9783,1
689,69.6936,5.6761,0.2402,0.001,0.9717,1
690,77.7046,5.7432,0.2625,0.001,0.9737,1
691,73.1495,5.2333,0.3611,0.0062,0.9544,1
692,70.4709,4.8538,0.3546,0.0036,0.9667,1
693,51.307,3.5018,0.5109,0.0107,0.9748,1
694,70.3705,5.1106,0.3296,0.0026,0.967,1
695,78.8328,5.5237,0.2997,0.0017,0.9713,1
696,79.9025,5.8794,0.2274,0.0011,0.979,1
697,79.2469,5.9735,0.2543,0.0012,0.9694,1
698,58.6517,4.8299,0.2961,0.0012,0.9794,1
699,60.4693,4.8029,0.309,0.001,0.985,1
700,113.1599,6.7386,0.2643,0.0018,0.955,1
701,56.9457,4.7018,0.307,0.0012,0.9808,1
702,80.0763,5.8776,0.2472,0.0012,0.9692,1
703,58.276,4.9473,0.2731,0.0011,0.9831,1
704,90.4153,6.2586,0.26,0.0011,0.9708,1
705,61.2172,5.1008,0.2728,0.0011,0.9783,1
706,79.9357,5.3973,0.3233,0.0028,0.9632,1
707,63.8011,4.7169,0.3585,0.0037,0.9699,1
708,67.26,5.2501,0.2722,0.0009,0.9774,1
709,60.4341,4.7147,0.3665,0.003,0.9647,1
710,60.1941,4.6818,0.3302,0.0015,0.9761,1
711,94.6336,6.1283,0.3234,0.0062,0.9605,1
712,58.2486,4.7502,0.2986,0.0011,0.9853,1
713,52.9596,4.0333,0.3921,0.0034,0.9776,1
714,63.0704,4.8944,0.3041,0.0013,0.9851,1
715,64.1627,4.6051,0.366,0.0042,0.9689,1
716,62.9997,4.935,0.304,0.0009,0.9796,1
717,91.5671,6.3166,0.266,0.0014,0.9638,1
718,58.2846,4.8436,0.2866,0.0012,0.9781,1
719,84.6302,5.2498,0.3865,0.0035,0.9653,1
720,65.3571,4.8225,0.3449,0.002,0.976,1
721,54.5122,4.0481,0.4093,0.0049,0.9745,1
722,69.6057,5.2038,0.3139,0.0029,0.9584,1
723,74.4899,5.6298,0.2512,0.001,0.9757,1
724,77.5513,5.8235,0.2551,0.0012,0.9713,1
725,67.1745,5.2631,0.2851,0.0014,0.9766,1
726,64.2407,5.4217,0.2405,0.0011,0.9801,1
727,52.1977,4.5836,0.2951,0.001,0.986,1
728,49.5154,4.064,0.3866,0.0036,0.9775,1
729,55.8883,4.5252,0.3223,0.0012,0.9861,1
730,78.4623,5.8643,0.259,0.0019,0.9469,1
731,59.9667,4.5196,0.3891,0.0051,0.963,1
732,64.136,4.7928,0.3409,0.0022,0.9746,1
733,69.7358,5.4746,0.2628,0.0011,0.9671,1
734,58.8992,4.516,0.3553,0.0024,0.9779,1
735,45.6797,4.0503,0.3807,0.005,0.9698,1
736,81.5376,5.9651,0.2353,0.0011,0.9697,1
737,50.4257,4.4183,0.3238,0.0013,0.9832,1
738,56.8999,4.6665,0.3083,0.001,0.9865,1
739,81.431,5.2923,0.3452,0.0024,0.9661,1
740,80.9572,5.2852,0.3484,0.003,0.964,1
741,74.535,5.7768,0.2428,0.0013,0.9702,1
742,42.1507,3.4781,0.4334,0.0042,0.9822,1
743,60.1323,4.7989,0.3243,0.0016,0.9792,1
744,95.4914,6.0975,0.2881,0.0021,0.9607,1
745,71.131,5.4549,0.2684,0.0013,0.9728,1
746,51.7095,4.4439,0.3111,0.0011,0.9869,1
747,82.9327,5.6118,0.309,0.002,0.9614,1
748,63.9264,4.7376,0.3702,0.0051,0.9597,1
749,69.2309,4.8754,0.3361,0.0051,0.9708,1
750,92.2783,5.8783,0.3085,0.0033,0.9645,1
751,76.7094,5.9276,0.2332,0.001,0.9714,1
752,49.2384,4.2682,0.3886,0.004,0.9712,1
753,60.9722,4.3684,0.3751,0.0033,0.9749,1
754,66.4948,5.1987,0.2733,0.0013,0.9566,1
755,67.4746,4.9755,0.3422,0.003,0.9718,1
756,53.2653,4.4154,0.3587,0.0026,0.9692,1
757,53.2789,4.6619,0.2888,0.0011,0.9842,1
758,56.5982,4.6239,0.3173,0.0012,0.9853,1
759,92.5404,5.7503,0.3157,0.0018,0.9767,1
760,59.4186,5.0032,0.2989,0.0017,0.9786,1
761,57.6997,4.6923,0.3117,0.0011,0.9829,1
762,49.4183,3.7238,0.4229,0.0046,0.9786,1
763,62.03,5.0802,0.2808,0.001,0.9792,1
764,50.4257,4.4183,0.3238,0.0013,0.9832,1
765,55.7437,3.8148,0.4535,0.0097,0.976,1
766,50.4257,4.4183,0.3238,0.0013,0.9832,1
767,85.3784,5.4711,0.3404,0.0032,0.9664,1
768,73.5027,5.6022,0.2567,0.001,0.9734,1
769,69.7423,5.4039,0.2841,0.0032,0.9461,1
770,78.24,5.9724,0.246,0.0011,0.9727,1
771,56.946,4.7605,0.3007,0.0011,0.9811,1
772,95.3018,6.0597,0.2837,0.0019,0.9632,1
773,60.8817,4.5085,0.3692,0.003,0.9755,1
774,69.1707,5.4561,0.2398,0.0012,0.9816,1
775,68.8347,5.7065,0.2318,0.001,0.9733,1
776,60.1396,4.7804,0.342,0.0029,0.966,1
777,52.4811,4.4657,0.3155,0.0011,0.9867,1
778,69.6179,5.3254,0.3282,0.0027,0.9651,1
779,59.6369,4.8057,0.3032,0.0013,0.9857,1
780,61.4236,4.4169,0.3935,0.0053,0.9702,1
781,71.9647,4.9357,0.3531,0.0032,0.9656,1
782,84.0685,5.4256,0.3471,0.0026,0.9671,1
783,52.4811,4.4657,0.3155,0.0011,0.9867,1
784,69.3168,4.6034,0.3977,0.0049,0.9767,1
785,58.9869,4.4998,0.3726,0.0024,0.9775,1
786,71.8963,5.4114,0.263,0.0019,0.9685,1
787,60.2044,4.5624,0.3646,0.0022,0.9766,1
788,89.5664,6.2285,0.2389,0.0011,0.9674,1
789,72.1705,5.6777,0.2538,0.0019,0.9643,1
790,54.9128,4.643,0.311,0.0012,0.9821,1
791,55.6585,4.8296,0.2758,0.0011,0.9834,1
792,73.2698,4.9725,0.3608,0.0035,0.9676,1
793,62.3537,4.8308,0.3168,0.0014,0.974,1
794,50.5744,4.3508,0.3694,0.0046,0.9665,1
795,62.2552,5.0632,0.2816,0.001,0.9792,1
796,51.8642,4.562,0.2952,0.0011,0.9856,1
797,57.6281,4.716,0.2949,0.001,0.9868,1
798,78.9408,5.3333,0.3399,0.0024,0.9739,1
799,49.852,4.2602,0.3851,0.0037,0.9724,1
800,61.3254,5.0057,0.2774,0.0014,0.9825,1
